Year,World_Bank_Poverty_less_than_3.65_dollars_per_Day
2000,58.2
2001,57.4
2002,56.6
2003,54.1
2004,51.6
2005,49.0
2006,46.5
2007,44.4
2008,42.3
2009,40.2
2010,37.3
2011,34.4
2012,31.5
2013,28.8
2014,26.1
2015,23.4
2016,20.8
2017,18.6
2018,16.5
2019,11.3
2020,12.7
2021,13.1
2022,25.0
2023,27.1
2024,24.5
2025,22.7
